TICK,VALIDATION,YAHOOTICK,TERMINACION,SECTOR,SUBSECTOR,DENOMINACION,TIPO,
AC,validado,AC.MX,,PRODUCTOS DE CONSUMO FRECUENTE,"ALIMENTOS, BEBIDAS Y TABACO",Arca Continental,SAB CV,
ACCELSA,validado,ACCELSAB.MX,B,INDUSTRIAL,SUMINISTROS Y SERVICIOS COMERCIALES,Accel,SAB CV,
ACTINVR,validado,ACTINVRB.MX,B,SERVICIOS FINANCIEROS,ENTIDADES FINANCIERAS,Corporacion actinver,,
AEROMEX,validado,AEROMEX.MX,,INDUSTRIAL,TRANSPORTES,Grupo Aeromexico,,
AGRIEXP,validado,AGRIEXPA.MX,A,PRODUCTOS DE CONSUMO FRECUENTE,"ALIMENTOS, BEBIDAS Y TABACO",AGRO INDUSTRIAL EXPORTADORA,,
AGUA,validado,AGUA.MX,,INDUSTRIAL,BIENES DE EQUIPO,GrupoRotoplas,,
AHMSA,validado,AHMSA.MX,,MATERIALES,MATERIALES,Altos Hornos de Mexico,,
ALEATIC,validado,ALEATIC.MX,,INDUSTRIAL,CONSTRUCCION,Aleatica,SAB,CV
ALFA,validado,ALFAA.MX,A,INDUSTRIAL,BIENES DE EQUIPO,"ALFA Petroquimicos platicos, autopartes aluminio",SAB,CV
ALPEK,validado,ALPEKA.MX,A,MATERIALES,MATERIALES,ALPEK,SAB,CV
ALSEA,validado,ALSEA.MX,,SERVICIOS Y BIENES DE CONSUMO NO BASICO,SERVICIOS AL CONSUMIDOR,ALSEA,SAB,CV
AMX,validado,AMXA.MX,A,SERVICIOS DE TELECOMUNICACIONES,SERVICIOS DE TELECOMUNICACIONES,AMERICA MOVIL,SAB,CV
ARA,validado,ARA.MX,,INDUSTRIAL,CONSTRUCCION,CONSORCIO ARA construccion,SAB,CV
ARISTOS,validado,ARISTOSA.MX,A,INDUSTRIAL,CONSTRUCCION,CONSORCIO ARISTOS,SAB,CV
ASUR,validado,ASURB.MX,B,INDUSTRIAL,TRANSPORTES,GRUPO AEROPORTUARIO SURESTE,SAB,CV
AUTLAN,validado,AUTLANB.MX,B,MATERIALES,MATERIALES,COMPANIA MINERA AUTLAN SAB,,
AXTEL,validado,AXTELCPO.MX,CPO,SERVICIOS DE TELECOMUNICACIONES,SERVICIOS DE TELECOMUNICACIONES,AXTEL,SAB,CV
AZTECA,validado,AZTECACPO.MX,CPO,SERVICIOS DE TELECOMUNICACIONES,MEDIOS DE COMUNICACION,TV AZTECA,SAB,CV
BACHOCO,validado,BACHOCOB.MX,B,PRODUCTOS DE CONSUMO FRECUENTE,"ALIMENTOS, BEBIDAS Y TABACO",,,
BAFAR,validado,BAFARB.MX,B,PRODUCTOS DE CONSUMO FRECUENTE,"ALIMENTOS, BEBIDAS Y TABACO",,,
BBAJIO,validado,BBAJIOO.MX,O,SERVICIOS FINANCIEROS,ENTIDADES FINANCIERAS,,,
BEVIDES,validado,BEVIDESA.MX,A,SALUD,"EQUIPO, MEDICAMENTOS Y SERVICIOS MEDICOS",,,
BIMBO,validado,BIMBOA.MX,A,PRODUCTOS DE CONSUMO FRECUENTE,"ALIMENTOS, BEBIDAS Y TABACO",,,
BOLSA,validado,BOLSAA.MX,A,SERVICIOS FINANCIEROS,ENTIDADES FINANCIERAS,,,
BSMX,validado,BSMXB.MX,B,SERVICIOS FINANCIEROS,ENTIDADES FINANCIERAS,,,
CABLE,validado,CABLECPO.MX,CPO,SERVICIOS DE TELECOMUNICACIONES,MEDIOS DE COMUNICACION,,,
CADU,validado,CADUA.MX,A,INDUSTRIAL,CONSTRUCCION,,,
CEMEX,validado,CEMEXCPO.MX,CPO,MATERIALES,MATERIALES,,,
CERAMIC,validado,CERAMICB.MX,B,INDUSTRIAL,BIENES DE EQUIPO,,,
CHDRAUI,validado,CHDRAUIB.MX,B,PRODUCTOS DE CONSUMO FRECUENTE,VENTA DE PRODUCTOS DE CONSUMO FRECUENTE,,,
CIDMEGA,validado,CIDMEGA.MX,,SERVICIOS Y BIENES DE CONSUMO NO BASICO,SERVICIOS AL CONSUMIDOR,,,
CIE,validado,CIEB.MX,B,SERVICIOS Y BIENES DE CONSUMO NO BASICO,SERVICIOS AL CONSUMIDOR,,,
CMOCTEZ,validado,CMOCTEZ.MX,,MATERIALES,MATERIALES,,,
CMR,validado,CMRB.MX,B,SERVICIOS Y BIENES DE CONSUMO NO BASICO,SERVICIOS AL CONSUMIDOR,,,
COLLADO,validado,COLLADO.MX,,MATERIALES,MATERIALES,,,
CONVER,validado,CONVERA.MX,A,MATERIALES,MATERIALES,,,
CREAL,validado,CREAL.MX,,SERVICIOS FINANCIEROS,ENTIDADES FINANCIERAS,,,
CUERVO,validado,CUERVO.MX,,PRODUCTOS DE CONSUMO FRECUENTE,"ALIMENTOS, BEBIDAS Y TABACO",,,
CULTIBA,validado,CULTIBAB.MX,B,PRODUCTOS DE CONSUMO FRECUENTE,"ALIMENTOS, BEBIDAS Y TABACO",,,
CYDSASA,validado,CYDSASAA.MX,A,MATERIALES,MATERIALES,,,
DINE,validado,DINEA.MX,A,INDUSTRIAL,CONSTRUCCION,,,
EDOARDO,validado,EDOARDOB.MX,B,SERVICIOS Y BIENES DE CONSUMO NO BASICO,VENTA AL POR MENOR,,,
ELEKTRA,validado,ELEKTRA.MX,,SERVICIOS Y BIENES DE CONSUMO NO BASICO,VENTA AL POR MENOR,,,
ELEMENT,validado,ELEMENT.MX,,MATERIALES,MATERIALES,,,
FEMSA,validado,FEMSAUBD.MX,UBD,PRODUCTOS DE CONSUMO FRECUENTE,"ALIMENTOS, BEBIDAS Y TABACO",,,
FINAMEX,validado,FINAMEXO.MX,O,SERVICIOS FINANCIEROS,ENTIDADES FINANCIERAS,,,
FINDEP,validado,FINDEP.MX,,SERVICIOS FINANCIEROS,ENTIDADES FINANCIERAS,,,
FRAGUA,validado,FRAGUAB.MX,B,SALUD,"EQUIPO, MEDICAMENTOS Y SERVICIOS MEDICOS",,,
GAP,validado,GAPB.MX,B,INDUSTRIAL,TRANSPORTES,Grupo Aeropuertario del Pacifico,SAB,CV
GBM,validado,GBMINTBO.MX,INTBO,SERVICIOS FINANCIEROS,ENTIDADES FINANCIERAS,,,
GCARSO,validado,GCARSOA1.MX,A1,INDUSTRIAL,BIENES DE EQUIPO,,,
GCC,validado,GCC.MX,,MATERIALES,MATERIALES,,,
GENSEG,validado,GENSEG.MX,,SERVICIOS FINANCIEROS,ENTIDADES FINANCIERAS,General de Seguros,SAB,
GENTERA,validado,GENTERA.MX,,SERVICIOS FINANCIEROS,ENTIDADES FINANCIERAS,,,
GEO,validado,GEOB.MX,B,INDUSTRIAL,CONSTRUCCION,,,
GFAMSA,validado,GFAMSAA.MX,A,SERVICIOS Y BIENES DE CONSUMO NO BASICO,VENTA AL POR MENOR,,,
GFINBUR,validado,GFINBURO.MX,O,SERVICIOS FINANCIEROS,ENTIDADES FINANCIERAS,,,
GFMULTI,validado,GFMULTIO.MX,O,SERVICIOS FINANCIEROS,ENTIDADES FINANCIERAS,Grupo financiero multiva,SAB,CV
GFNORTE,validado,GFNORTEO.MX,O,SERVICIOS FINANCIEROS,ENTIDADES FINANCIERAS,,,
GICSA,validado,GICSAB.MX,B,INDUSTRIAL,CONSTRUCCION,,,
GIGANTE,validado,GIGANTE.MX,,PRODUCTOS DE CONSUMO FRECUENTE,VENTA DE PRODUCTOS DE CONSUMO FRECUENTE,,,
GISSA,validado,GISSAA.MX,A,INDUSTRIAL,BIENES DE EQUIPO,,,
GMD,validado,GMD.MX,,INDUSTRIAL,CONSTRUCCION,,,
GMEXICO,validado,GMEXICOB.MX,B,MATERIALES,MATERIALES,Grupo Mexico,SAB,CV
GMXT,validado,GMXT.MX,,INDUSTRIAL,TRANSPORTES,,,
GNP,NA,NA,NA,SERVICIOS FINANCIEROS,ENTIDADES FINANCIERAS,Grupo Nacional Provincial,SAB,CV
GOMO,validado,GOMO.MX,,SERVICIOS Y BIENES DE CONSUMO NO BASICO,BIENES DE CONSUMO DURADERO Y CONFECCION,,,
GPH,validado,GPH1.MX,1,SERVICIOS Y BIENES DE CONSUMO NO BASICO,VENTA AL POR MENOR,,,
GPROFUT,validado,GPROFUT.MX,,SERVICIOS FINANCIEROS,ENTIDADES FINANCIERAS,,,
GRUMA,validado,GRUMAB.MX,B,PRODUCTOS DE CONSUMO FRECUENTE,"ALIMENTOS, BEBIDAS Y TABACO",,,
GSANBOR,validado,GSANBORB-1.MX,B-1,INDUSTRIAL,BIENES DE EQUIPO,,,
HCITY,validado,HCITY.MX,,SERVICIOS Y BIENES DE CONSUMO NO BASICO,SERVICIOS AL CONSUMIDOR,,,
HERDEZ,validado,HERDEZ.MX,,PRODUCTOS DE CONSUMO FRECUENTE,"ALIMENTOS, BEBIDAS Y TABACO",,,
HIMEXSA,validado,HIMEXSAA.MX,A,SERVICIOS Y BIENES DE CONSUMO NO BASICO,BIENES DE CONSUMO DURADERO Y CONFECCION,HIMEXSA,SAB,CV
HOMEX,validado,HOMEX.MX,,INDUSTRIAL,CONSTRUCCION,Desarrolladora Homex,SAB,CV
HOTEL,validado,HOTEL.MX,,SERVICIOS Y BIENES DE CONSUMO NO BASICO,SERVICIOS AL CONSUMIDOR,,,
IASASA,validado,IASASA.MX,,SERVICIOS Y BIENES DE CONSUMO NO BASICO,AUTOMOVILES Y COMPONENTES,,,
ICA,validado,ICA.MX,,INDUSTRIAL,CONSTRUCCION,,,
ICH,validado,ICHB.MX,B,MATERIALES,MATERIALES,Industrias,SAB,CV
IDEAL,validado,IDEALB-1.MX,B-1,INDUSTRIAL,CONSTRUCCION,,,
IENOVA,validado,IENOVA.MX,,ENERGIA,ENERGIA,,,
INGEAL,validado,INGEALB.MX,B,PRODUCTOS DE CONSUMO FRECUENTE,"ALIMENTOS, BEBIDAS Y TABACO",INGEAL,SAB,CV
INVEX,validado,INVEXA.MX,A,SERVICIOS FINANCIEROS,ENTIDADES FINANCIERAS,Invex controladora,SAB,CV
JAVER,validado,JAVER.MX,,INDUSTRIAL,CONSTRUCCION,,,
KIMBER,validado,KIMBERA.MX,A,PRODUCTOS DE CONSUMO FRECUENTE,PRODUCTOS DOMESTICOS Y PERSONALES,Kimberly Clark de Mexico,SAB,CV
KOF,validado,KOFUBL.MX,UBL,PRODUCTOS DE CONSUMO FRECUENTE,"ALIMENTOS, BEBIDAS Y TABACO",,,
KUO,validado,KUOA.MX,A,INDUSTRIAL,BIENES DE EQUIPO,,,
LAB,validado,LABB.MX,B,SALUD,"PRODUCTOS FARMACEUTICOS, BIOTECNOLOGIA Y CIENCIAS DE LA SALUD",,,
LACOMER,validado,LACOMERUBC.MX,UBC,PRODUCTOS DE CONSUMO FRECUENTE,VENTA DE PRODUCTOS DE CONSUMO FRECUENTE,,,
LALA,validado,LALAB.MX,B,PRODUCTOS DE CONSUMO FRECUENTE,"ALIMENTOS, BEBIDAS Y TABACO",,,
LAMOSA,validado,LAMOSA.MX,,MATERIALES,MATERIALES,,,
LASEG,validado,LASEG.MX,,SERVICIOS FINANCIEROS,ENTIDADES FINANCIERAS,,,
LIVEPOL,validado,LIVEPOL1.MX,1,SERVICIOS Y BIENES DE CONSUMO NO BASICO,VENTA AL POR MENOR,,,
MAXCOM,validado,MAXCOMA.MX,A,SERVICIOS DE TELECOMUNICACIONES,SERVICIOS DE TELECOMUNICACIONES,,,
MEDICA,validado,MEDICAB.MX,B,SALUD,"EQUIPO, MEDICAMENTOS Y SERVICIOS MEDICOS",,,
MEGA,validado,MEGACPO.MX,CPO,SERVICIOS DE TELECOMUNICACIONES,MEDIOS DE COMUNICACION,,,
MFRISCO,validado,MFRISCOA-1.MX,A-1,MATERIALES,MATERIALES,,,
MINSA,validado,MINSAB.MX,B,PRODUCTOS DE CONSUMO FRECUENTE,"ALIMENTOS, BEBIDAS Y TABACO",,,
MONEX,validado,MONEXB.MX,B,SERVICIOS FINANCIEROS,ENTIDADES FINANCIERAS,,,
^MXX,validado,^MXX,,IPC,,IPC,,
NEMAK,validado,NEMAKA.MX,A,SERVICIOS Y BIENES DE CONSUMO NO BASICO,AUTOMOVILES Y COMPONENTES,,,
OMA,validado,OMAB.MX,B,INDUSTRIAL,TRANSPORTES,Grupo Aeroportuario del centro norte,SAB,CV
ORBIA,validado,ORBIA.MX,,INDUSTRIAL,BIENES DE EQUIPO,,,
PAPPEL,validado,PAPPEL.MX,,MATERIALES,MATERIALES,,,
PASA,validado,PASAB.MX,B,INDUSTRIAL,SUMINISTROS Y SERVICIOS COMERCIALES,,,
PE&OLES,validado,PE&OLES.MX,,MATERIALES,MATERIALES,,,
PINFRA,validado,PINFRA.MX,,INDUSTRIAL,CONSTRUCCION,,,
PLANI,validado,PLANI.MX,,INDUSTRIAL,CONSTRUCCION,,,
PMCPAC,validado,PMCPACA.MX,A,SERVICIOS FINANCIEROS,ENTIDADES FINANCIERAS,Promecap acquisition company,SAB,CV
POCHTEC,validado,POCHTECB.MX,B,MATERIALES,MATERIALES,,,
POSADAS,validado,POSADASA.MX,A,SERVICIOS Y BIENES DE CONSUMO NO BASICO,SERVICIOS AL CONSUMIDOR,,,
PROCORP,validado,PROCORPA.MX,A,SERVICIOS FINANCIEROS,ENTIDADES FINANCIERAS,,,
PV,validado,PV.MX,,SERVICIOS FINANCIEROS,ENTIDADES FINANCIERAS,Penha Verde Aseguradora,SAB,CV
Q,validado,Q.MX,,SERVICIOS FINANCIEROS,ENTIDADES FINANCIERAS,,,
QBINDUS,validado,QBINDUSA.MX,A,MATERIALES,MATERIALES,QB Industrias,,
QUMMA,validado,QUMMAA.MX,A,SERVICIOS DE TELECOMUNICACIONES,MEDIOS DE COMUNICACION,Grupo QUMMA,,
R,validado,RA.MX,A,SERVICIOS FINANCIEROS,ENTIDADES FINANCIERAS,,,
RCENTRO,validado,RCENTROA.MX,A,SERVICIOS DE TELECOMUNICACIONES,MEDIOS DE COMUNICACION,,,
RLH,validado,RLHA.MX,A,SERVICIOS Y BIENES DE CONSUMO NO BASICO,SERVICIOS AL CONSUMIDOR,,,
SARE,validado,SAREB.MX,B,INDUSTRIAL,CONSTRUCCION,Sare holding,SAB,CV
SAVIA,validado,SAVIAA.MX,A,PRODUCTOS DE CONSUMO FRECUENTE,"ALIMENTOS, BEBIDAS Y TABACO",SAVIA,,
SIMEC,validado,SIMECB.MX,B,MATERIALES,MATERIALES,Grupo SIMEC,,
SITES,validado,SITESB-1.MX,B-1,TECNOLOGIA DE LA INFORMACION,EQUIPO TECNOLOGICO,,,
SORIANA,validado,SORIANAB.MX,B,PRODUCTOS DE CONSUMO FRECUENTE,VENTA DE PRODUCTOS DE CONSUMO FRECUENTE,,,
SPORT,validado,SPORTS.MX,S,SERVICIOS Y BIENES DE CONSUMO NO BASICO,SERVICIOS AL CONSUMIDOR,Grupo sports world,SAB,CV
TEAK,validado,TEAKCPO.MX,CPO,MATERIALES,MATERIALES,,,
TEKCHEM,validado,TEKCHEMA.MX,A,MATERIALES,MATERIALES,,,
TLEVISA,validado,TLEVISAA.MX,A,SERVICIOS DE TELECOMUNICACIONES,MEDIOS DE COMUNICACION,,,
TMM,validado,TMMA.MX,A,INDUSTRIAL,TRANSPORTES,,,
TRAXION,validado,TRAXIONA.MX,A,INDUSTRIAL,TRANSPORTES,,,
UNIFIN,validado,UNIFINA.MX,A,SERVICIOS FINANCIEROS,ENTIDADES FINANCIERAS,,,
URBI,validado,URBI.MX,,INDUSTRIAL,CONSTRUCCION,,,
VALUEGF,validado,VALUEGFO.MX,O,SERVICIOS FINANCIEROS,ENTIDADES FINANCIERAS,,,
VASCONI,validado,VASCONI.MX,,SERVICIOS Y BIENES DE CONSUMO NO BASICO,BIENES DE CONSUMO DURADERO Y CONFECCION,Grupo Vasconia,SAB,CV
VESTA,validado,VESTA.MX,,INDUSTRIAL,CONSTRUCCION,,,
VINTE,validado,VINTE.MX,,INDUSTRIAL,CONSTRUCCION,,,
VISTA,validado,VISTAA.MX,A,ENERGIA,ENERGIA,,,
VITRO,validado,VITROA.MX,A,MATERIALES,MATERIALES,,,
VOLAR,validado,VOLARA.MX,A,INDUSTRIAL,TRANSPORTES,,,
WALMEX,validado,WALMEX.MX,,PRODUCTOS DE CONSUMO FRECUENTE,VENTA DE PRODUCTOS DE CONSUMO FRECUENTE,,,
